{
  "IcoMoonType": "selection",
  "icons": [
    {
      "icon": {
        "width": 1152,
        "paths": [
          "M1088 901.166c0 45.5 26.028 84.908 64 104.184v15.938c-10.626 1.454-21.472 2.224-32.5 2.224-68.008 0-129.348-28.528-172.722-74.264-26.222 6.982-54.002 10.752-82.778 10.752-159.058 0-288-114.616-288-256s128.942-256 288-256c159.058 0 288 114.616 288 256 0 55.348-19.764 106.592-53.356 148.466-6.824 14.824-10.644 31.312-10.644 48.7zM512 0c278.458 0 504.992 180.614 511.836 405.52-49.182-21.92-103.586-33.52-159.836-33.52-95.56 0-185.816 33.446-254.138 94.178-70.846 62.972-109.862 147.434-109.862 237.822 0 44.672 9.544 87.888 27.736 127.788-5.228 0.126-10.468 0.212-15.736 0.212-27.156 0-53.81-1.734-79.824-5.044-109.978 109.978-241.25 129.7-368.176 132.596v-26.916c68.536-33.578 128-94.74 128-164.636 0-9.754-0.758-19.33-2.164-28.696-115.796-76.264-189.836-192.754-189.836-323.304 0-229.75 229.23-416 512-416z"
        ],
        "tags": [
          "bubbles",
          "comments",
          "chat",
          "talk"
        ],
        "defaultCode": 59756,
        "grid": 16,
        "attrs": []
      },
      "attrs": [],
      "properties": {
        "ligatures": "bubbles, comments",
        "name": "bubbles",
        "order": 6,
        "id": 109,
        "prevSize": 32,
        "code": 59756
      },
      "setIdx": 0,
      "setId": 1,
      "iconIdx": 108
    },
    {
      "icon": {
        "paths": [
          "M608 192h160v-192h-160c-123.514 0-224 100.486-224 224v96h-128v192h128v512h192v-512h160l32-192h-192v-96c0-17.346 14.654-32 32-32z"
        ],
        "tags": [
          "facebook",
          "brand",
          "social"
        ],
        "defaultCode": 60048,
        "grid": 16,
        "attrs": []
      },
      "attrs": [],
      "properties": {
        "ligatures": "facebook, brand10",
        "name": "facebook",
        "order": 3,
        "id": 401,
        "prevSize": 32,
        "code": 60048
      },
      "setIdx": 0,
      "setId": 1,
      "iconIdx": 400
    },
    {
      "icon": {
        "paths": [
          "M1024 226.4c-37.6 16.8-78.2 28-120.6 33 43.4-26 76.6-67.2 92.4-116.2-40.6 24-85.6 41.6-133.4 51-38.4-40.8-93-66.2-153.4-66.2-116 0-210 94-210 210 0 16.4 1.8 32.4 5.4 47.8-174.6-8.8-329.4-92.4-433-219.6-18 31-28.4 67.2-28.4 105.6 0 72.8 37 137.2 93.4 174.8-34.4-1-66.8-10.6-95.2-26.2 0 0.8 0 1.8 0 2.6 0 101.8 72.4 186.8 168.6 206-17.6 4.8-36.2 7.4-55.4 7.4-13.6 0-26.6-1.4-39.6-3.8 26.8 83.4 104.4 144.2 196.2 146-72 56.4-162.4 90-261 90-17 0-33.6-1-50.2-3 93.2 59.8 203.6 94.4 322.2 94.4 386.4 0 597.8-320.2 597.8-597.8 0-9.2-0.2-18.2-0.6-27.2 41-29.4 76.6-66.4 104.8-108.6z"
        ],
        "tags": [
          "twitter",
          "brand",
          "tweet",
          "social"
        ],
        "defaultCode": 60054,
        "grid": 16,
        "attrs": []
      },
      "attrs": [],
      "properties": {
        "ligatures": "twitter, brand16",
        "name": "twitter",
        "order": 4,
        "id": 407,
        "prevSize": 32,
        "code": 60054
      },
      "setIdx": 0,
      "setId": 1,
      "iconIdx": 406
    },
    {
      "icon": {
        "paths": [
          "M430.2 898c-169.6 16.8-316-60-327-171.2-11-111.4 117.6-215 287-231.8 169.6-16.8 316 60 326.8 171.2 11.2 111.4-117.4 215.2-286.8 231.8zM769.2 528.6c-14.4-4.4-24.4-7.2-16.8-26.2 16.4-41.2 18-76.6 0.2-102-33.2-47.4-124.2-45-228.4-1.2 0 0-32.8 14.2-24.4-11.6 16-51.6 13.6-94.6-11.4-119.6-56.6-56.6-207 2.2-336 131.2-96.4 96.2-152.4 198.8-152.4 287.4 0 169.2 217.2 272.2 429.6 272.2 278.4 0 463.8-161.8 463.8-290.2 0-77.8-65.4-121.8-124.2-140z",
          "M954.2 218.6c-67.2-74.6-166.4-103-258-83.6v0c-21.2 4.6-34.6 25.4-30 46.4 4.6 21.2 25.2 34.6 46.4 30 65.2-13.8 135.6 6.4 183.4 59.4s60.8 125.2 40.2 188.4v0c-6.6 20.6 4.6 42.6 25.2 49.4 20.6 6.6 42.6-4.6 49.4-25.2v-0.2c28.8-88.4 10.6-190-56.6-264.6z",
          "M850.8 312c-32.8-36.4-81.2-50.2-125.6-40.6-18.2 3.8-29.8 22-26 40.2 4 18.2 22 29.8 40 25.8v0c21.8-4.6 45.4 2.2 61.4 19.8 16 17.8 20.4 42 13.4 63.2v0c-5.6 17.6 4 36.8 21.8 42.6 17.8 5.6 36.8-4 42.6-21.8 14-43.4 5.2-93-27.6-129.2z",
          "M439.6 696.6c-6 10.2-19 15-29.2 10.8-10.2-4-13.2-15.6-7.4-25.4 6-9.8 18.6-14.6 28.6-10.8 10 3.6 13.6 15 8 25.4zM385.4 765.8c-16.4 26.2-51.6 37.6-78 25.6-26-11.8-33.8-42.2-17.4-67.8 16.2-25.4 50.2-36.8 76.4-25.8 26.6 11.4 35.2 41.6 19 68zM447 580.6c-80.6-21-171.8 19.2-206.8 90.2-35.8 72.4-1.2 153 80.2 179.4 84.4 27.2 184-14.6 218.6-92.6 34.2-76.6-8.4-155.2-92-177z"
        ],
        "tags": [
          "sina-weibo",
          "brand",
          "social"
        ],
        "defaultCode": 60058,
        "grid": 16,
        "attrs": []
      },
      "attrs": [],
      "properties": {
        "name": "sina-weibo",
        "ligatures": "sina-weibo, brand20",
        "order": 5,
        "id": 411,
        "prevSize": 32,
        "code": 60058
      },
      "setIdx": 0,
      "setId": 1,
      "iconIdx": 410
    }
  ],
  "height": 1024,
  "metadata": {
    "name": "icomoon"
  },
  "preferences": {
    "showGlyphs": true,
    "showQuickUse": true,
    "showQuickUse2": true,
    "showSVGs": true,
    "fontPref": {
      "prefix": "icon-",
      "metadata": {
        "fontFamily": "icomoon"
      },
      "metrics": {
        "emSize": 1024,
        "baseline": 6.25,
        "whitespace": 50
      },
      "embed": false
    },
    "imagePref": {
      "prefix": "icon-",
      "png": true,
      "useClassSelector": true,
      "color": 0,
      "bgColor": 16777215,
      "classSelector": ".icon"
    },
    "historySize": 50,
    "showCodes": true,
    "gridSize": 16
  }
}